{"cameraMode":{"drawMode":0,"name":"Shaded","section":"Shading Mode"},"sceneLighting":true,"audioPlay":false,"sceneViewState":{"showFog":true,"showMaterialUpdate":false,"showSkybox":true,"showFlares":true,"showImageEffects":true,"showParticleSystems":true},"in2DMode":false,"pivot":{"x":-61.181419372558597,"y":116.80061340332031,"z":259.1337585449219},"rotation":{"x":-0.13527989387512208,"y":-0.7774556875228882,"z":0.1792934685945511,"w":-0.5877429842948914},"size":3.3789565563201906,"orthographic":false}