{"cameraMode":{"drawMode":0,"name":"Shaded","section":"Shading Mode"},"sceneLighting":false,"audioPlay":false,"sceneViewState":{"showFog":true,"showMaterialUpdate":false,"showSkybox":false,"showFlares":true,"showImageEffects":true,"showParticleSystems":true},"in2DMode":false,"pivot":{"x":-8.159704208374024,"y":5.254740238189697,"z":-43.72572708129883},"rotation":{"x":-0.19957344233989716,"y":-0.027657290920615197,"z":0.005610245745629072,"w":-0.9794886708259583},"size":10.0,"orthographic":false}