{"cameraMode":{"drawMode":0,"name":"Shaded","section":"Shading Mode"},"sceneLighting":true,"audioPlay":false,"sceneViewState":{"showFog":true,"showMaterialUpdate":false,"showSkybox":true,"showFlares":true,"showImageEffects":true,"showParticleSystems":true},"in2DMode":false,"pivot":{"x":188.3699951171875,"y":2.256999969482422,"z":227.4499969482422},"rotation":{"x":-0.024393245577812196,"y":-0.7935832142829895,"z":0.0323236882686615,"w":-0.607384979724884},"size":14.731966018676758,"orthographic":false}