{"cameraMode":{"drawMode":0,"name":"Shaded","section":"Shading Mode"},"sceneLighting":true,"audioPlay":false,"sceneViewState":{"showFog":true,"showMaterialUpdate":false,"showSkybox":true,"showFlares":true,"showImageEffects":true,"showParticleSystems":true},"in2DMode":false,"pivot":{"x":184.01998901367188,"y":3.447000026702881,"z":224.4949951171875},"rotation":{"x":0.04254279285669327,"y":0.9567316770553589,"z":-0.18359988927841187,"w":0.22168855369091035},"size":5.038469314575195,"orthographic":true}