{"cameraMode":{"drawMode":0,"name":"Shaded","section":"Shading Mode"},"sceneLighting":true,"audioPlay":false,"sceneViewState":{"showFog":true,"showMaterialUpdate":false,"showSkybox":true,"showFlares":true,"showImageEffects":true,"showParticleSystems":true},"in2DMode":false,"pivot":{"x":158.16000366210938,"y":5.049999237060547,"z":329.853515625},"rotation":{"x":-0.02280622161924839,"y":-0.011399560607969761,"z":0.00026007508859038353,"w":-0.9996758103370667},"size":8.270354270935059,"orthographic":false}