{"cameraMode":{"drawMode":0,"name":"Shaded","section":"Shading Mode"},"sceneLighting":true,"audioPlay":false,"sceneViewState":{"showFog":true,"showMaterialUpdate":false,"showSkybox":true,"showFlares":true,"showImageEffects":true,"showParticleSystems":true},"in2DMode":false,"pivot":{"x":143.3000030517578,"y":2.3970000743865969,"z":176.41000366210938},"rotation":{"x":0.010506678372621537,"y":-0.020532868802547456,"z":0.00007635642396053299,"w":-0.999897301197052},"size":4.27200174331665,"orthographic":false}