{"cameraMode":{"drawMode":0,"name":"Shaded","section":"Shading Mode"},"sceneLighting":false,"audioPlay":false,"sceneViewState":{"showFog":true,"showMaterialUpdate":false,"showSkybox":false,"showFlares":true,"showImageEffects":true,"showParticleSystems":true},"in2DMode":false,"pivot":{"x":144.11001586914063,"y":2.256999969482422,"z":176.41000366210938},"rotation":{"x":0.0973118245601654,"y":0.029089001938700677,"z":-0.0033260942436754705,"w":0.9950615167617798},"size":5.038466930389404,"orthographic":false}